insert into CONSULTORIO (ID_CONSULTORIO) values (14);

insert into CONSULTORIO (ID_CONSULTORIO) values (12);

insert into CONSULTORIO (ID_CONSULTORIO) values (8);

insert into CONSULTORIO (ID_CONSULTORIO) values (3);

insert into CONSULTORIO (ID_CONSULTORIO) values (19);

insert into CONSULTORIO (ID_CONSULTORIO) values (7);

insert into CONSULTORIO (ID_CONSULTORIO) values (17);

insert into CONSULTORIO (ID_CONSULTORIO) values (11);

insert into CONSULTORIO (ID_CONSULTORIO) values (6);

insert into CONSULTORIO (ID_CONSULTORIO) values (9);

insert into CONSULTORIO (ID_CONSULTORIO) values (15);

insert into CONSULTORIO (ID_CONSULTORIO) values (13);

insert into CONSULTORIO (ID_CONSULTORIO) values (5);

insert into CONSULTORIO (ID_CONSULTORIO) values (10);

insert into CONSULTORIO (ID_CONSULTORIO) values (18);

insert into CONSULTORIO (ID_CONSULTORIO) values (1);

insert into CONSULTORIO (ID_CONSULTORIO) values (0);

insert into CONSULTORIO (ID_CONSULTORIO) values (16);

insert into CONSULTORIO (ID_CONSULTORIO) values (4);

insert into CONSULTORIO (ID_CONSULTORIO) values (2);

insert into ESTADO_PACIENTE (ID_ESTADO_PTE, DESC_ESTADO_PTE) values (6, '1B235CSA9K');

insert into ESTADO_PACIENTE (ID_ESTADO_PTE, DESC_ESTADO_PTE) values (4, '848K 3E12V');

insert into ESTADO_PACIENTE (ID_ESTADO_PTE, DESC_ESTADO_PTE) values (13, 'FQ2N5QKOVX');

insert into ESTADO_PACIENTE (ID_ESTADO_PTE, DESC_ESTADO_PTE) values (5, '5TASOIRJ4A');

insert into ESTADO_PACIENTE (ID_ESTADO_PTE, DESC_ESTADO_PTE) values (10, '3EKKQLMHPW');

insert into ESTADO_PACIENTE (ID_ESTADO_PTE, DESC_ESTADO_PTE) values (11, 'R6WK5E4TYY');

insert into ESTADO_PACIENTE (ID_ESTADO_PTE, DESC_ESTADO_PTE) values (8, 'WSIE17C8EI');

insert into ESTADO_PACIENTE (ID_ESTADO_PTE, DESC_ESTADO_PTE) values (2, 'SF2 RPFUGW');

insert into ESTADO_PACIENTE (ID_ESTADO_PTE, DESC_ESTADO_PTE) values (9, '3XBNFT725B');

insert into ESTADO_PACIENTE (ID_ESTADO_PTE, DESC_ESTADO_PTE) values (3, '2MMPTL73T4');

insert into ESTADO_PACIENTE (ID_ESTADO_PTE, DESC_ESTADO_PTE) values (19, 'SA9O6W3OG7');

insert into ESTADO_PACIENTE (ID_ESTADO_PTE, DESC_ESTADO_PTE) values (0, 'F3QOHAVLVK');

insert into ESTADO_PACIENTE (ID_ESTADO_PTE, DESC_ESTADO_PTE) values (7, 'SEKAN21EGV');

insert into ESTADO_PACIENTE (ID_ESTADO_PTE, DESC_ESTADO_PTE) values (15, 'CCIRWP 0JN');

insert into ESTADO_PACIENTE (ID_ESTADO_PTE, DESC_ESTADO_PTE) values (16, 'SM74Q5HYQS');

insert into ESTADO_PACIENTE (ID_ESTADO_PTE, DESC_ESTADO_PTE) values (14, 'WMMAA 8IU ');

insert into ESTADO_PACIENTE (ID_ESTADO_PTE, DESC_ESTADO_PTE) values (18, '4H 51KLKW3');

insert into ESTADO_PACIENTE (ID_ESTADO_PTE, DESC_ESTADO_PTE) values (1, 'TK0C2DRM0P');

insert into ESTADO_PACIENTE (ID_ESTADO_PTE, DESC_ESTADO_PTE) values (17, 'DS042Q5UQV');

insert into ESTADO_PACIENTE (ID_ESTADO_PTE, DESC_ESTADO_PTE) values (12, 'T OQUK SYT');

insert into VALOR_PROCEDIMIENTO (ID_VALOR, CANTIDAD) values ('', 19);

insert into CITA (ID_CITA, FECHA_CITA, HORA_CITA, CONFIRMA_CITA) values ('8QFAV82B0S', '217-10-28 1:32:31', '1277-3-11 9:58:32', 'GWYB1B98YA');

insert into CITA (ID_CITA, FECHA_CITA, HORA_CITA, CONFIRMA_CITA) values ('W81G06E0WC', '724-5-3 6:23:32', '1088-9-23 8:44:46', '0AT3XG2UYM');

insert into CITA (ID_CITA, FECHA_CITA, HORA_CITA, CONFIRMA_CITA) values ('IDITD8WTA7', '406-2-16 3:24:34', '1564-6-17 12:8:53', 'LA28FTVL4B');

insert into CITA (ID_CITA, FECHA_CITA, HORA_CITA, CONFIRMA_CITA) values ('63AXTC2EAQ', '495-4-20 4:34:50', '1-1-1 0:0:0', 'P0TQQMC13U');

insert into CITA (ID_CITA, FECHA_CITA, HORA_CITA, CONFIRMA_CITA) values ('6OYCBQOWC9', '1431-10-6 11:52:9', '1024-1-3 8:13:5', 'TH735POCEB');

insert into CITA (ID_CITA, FECHA_CITA, HORA_CITA, CONFIRMA_CITA) values ('2U0BPSB7BL', '1847-2-23 15:14:33', '522-2-20 4:53:20', '4LCKTAYHNA');

insert into CITA (ID_CITA, FECHA_CITA, HORA_CITA, CONFIRMA_CITA) values ('JK HQ9K21D', '1165-4-13 9:29:56', '930-10-8 7:36:3', 'Q EK7KW888');

insert into CITA (ID_CITA, FECHA_CITA, HORA_CITA, CONFIRMA_CITA) values ('M15ASUWIT1', '271-7-30 2:16:8', '1194-11-19 9:26:41', 'KG1XD5LKE1');

insert into CITA (ID_CITA, FECHA_CITA, HORA_CITA, CONFIRMA_CITA) values ('EA8CISGN7N', '838-10-27 6:50:23', '123-5-27 1:7:27', 'MJLPCQILSL');

insert into CITA (ID_CITA, FECHA_CITA, HORA_CITA, CONFIRMA_CITA) values ('8EDGH8FTJO', '1522-12-24 12:31:15', '1381-12-4 10:47:25', 'XSYWXBS4IQ');

insert into CITA (ID_CITA, FECHA_CITA, HORA_CITA, CONFIRMA_CITA) values ('LA791JJDI8', '1088-4-26 8:19:3', '1696-2-2 12:49:23', 'KQSJIUWJYC');

insert into CITA (ID_CITA, FECHA_CITA, HORA_CITA, CONFIRMA_CITA) values ('F4RX8FLMCB', '983-4-14 7:34:29', '318-10-20 3:23:13', '4J0AQS6AH8');

insert into CITA (ID_CITA, FECHA_CITA, HORA_CITA, CONFIRMA_CITA) values ('A1Q9NAXGON', '1738-1-29 14:42:33', '428-8-28 4:8:26', 'WWDOIFFJ4K');

insert into CITA (ID_CITA, FECHA_CITA, HORA_CITA, CONFIRMA_CITA) values ('Q1M218RF8H', '1607-3-16 13:30:45', '243-8-18 2:55:14', 'J41H0 9CLA');

insert into CITA (ID_CITA, FECHA_CITA, HORA_CITA, CONFIRMA_CITA) values ('06LEAE B2O', '1229-6-4 10:12:14', '1473-10-29 11:24:54', 'PMTTAN2MDB');

insert into CITA (ID_CITA, FECHA_CITA, HORA_CITA, CONFIRMA_CITA) values ('28VSRX2119', '356-12-10 2:47:57', '183-10-28 2:14:18', '3 HVX4HQ6I');

insert into CITA (ID_CITA, FECHA_CITA, HORA_CITA, CONFIRMA_CITA) values ('A8E80K12M8', '133-11-24 0:37:38', '1807-7-27 13:34:50', 'HW26KYY9UH');

insert into CITA (ID_CITA, FECHA_CITA, HORA_CITA, CONFIRMA_CITA) values ('XUL59IJRWI', '597-12-8 5:21:32', '646-2-25 5:23:52', 'MXU OAG9UW');

insert into CITA (ID_CITA, FECHA_CITA, HORA_CITA, CONFIRMA_CITA) values ('T5X8O8SH8R', '1300-2-28 10:55:27', '787-12-12 6:37:41', 'A LF8YR8JW');

insert into CITA (ID_CITA, FECHA_CITA, HORA_CITA, CONFIRMA_CITA) values ('TJNFE7HUWX', '1-1-1 0:0:0', '702-10-31 6:7:45', '9XIA11 3NL');

insert into TIPO_PACIENTE (ID_TIPO_PACIENTE, ID_VALOR, DESC_TIPO_PACIENTE) values ('UL8IOBXGKS', '', 'EE8TMAL96H');

insert into TIPO_PACIENTE (ID_TIPO_PACIENTE, ID_VALOR, DESC_TIPO_PACIENTE) values ('4RDTYPK FM', '', '0IPMIBJB0M');

insert into TIPO_PACIENTE (ID_TIPO_PACIENTE, ID_VALOR, DESC_TIPO_PACIENTE) values ('P1995M6YX8', '', 'U64KIBBNYB');

insert into TIPO_PACIENTE (ID_TIPO_PACIENTE, ID_VALOR, DESC_TIPO_PACIENTE) values ('HOHU06XF0N', '', '19NR B8RC2');

insert into TIPO_PACIENTE (ID_TIPO_PACIENTE, ID_VALOR, DESC_TIPO_PACIENTE) values ('CM8F36OVCV', '', 'UCNJL701GM');

insert into TIPO_PACIENTE (ID_TIPO_PACIENTE, ID_VALOR, DESC_TIPO_PACIENTE) values ('K7F30PB731', '', '86WREOCTY4');

insert into TIPO_PACIENTE (ID_TIPO_PACIENTE, ID_VALOR, DESC_TIPO_PACIENTE) values ('V2J801TX4F', '', 'HY27EA3V0F');

insert into TIPO_PACIENTE (ID_TIPO_PACIENTE, ID_VALOR, DESC_TIPO_PACIENTE) values ('VF4CNK3D36', '', 'OR CN9LT49');

insert into TIPO_PACIENTE (ID_TIPO_PACIENTE, ID_VALOR, DESC_TIPO_PACIENTE) values ('Y6OUGQ 7MF', '', 'UFGTEB2CTJ');

insert into TIPO_PACIENTE (ID_TIPO_PACIENTE, ID_VALOR, DESC_TIPO_PACIENTE) values ('F7AN1ADJ6F', '', '9UWQ5O9NEY');

insert into TIPO_PACIENTE (ID_TIPO_PACIENTE, ID_VALOR, DESC_TIPO_PACIENTE) values ('XU2IX62P2H', '', 'Q96UGOCB0N');

insert into TIPO_PACIENTE (ID_TIPO_PACIENTE, ID_VALOR, DESC_TIPO_PACIENTE) values ('1N5N5H52ND', '', 'GFXFNYHA30');

insert into TIPO_PACIENTE (ID_TIPO_PACIENTE, ID_VALOR, DESC_TIPO_PACIENTE) values ('P7BW0AAPN1', '', 'G0Y6BH1GDF');

insert into TIPO_PACIENTE (ID_TIPO_PACIENTE, ID_VALOR, DESC_TIPO_PACIENTE) values ('X TT98RX61', '', '6CL35N81TP');

insert into TIPO_PACIENTE (ID_TIPO_PACIENTE, ID_VALOR, DESC_TIPO_PACIENTE) values ('SY6K9XW1WJ', '', 'KJI00S56CD');

insert into TIPO_PACIENTE (ID_TIPO_PACIENTE, ID_VALOR, DESC_TIPO_PACIENTE) values ('7GPYD0OP42', '', 'MX5VJLYRQL');

insert into TIPO_PACIENTE (ID_TIPO_PACIENTE, ID_VALOR, DESC_TIPO_PACIENTE) values ('2WMFIIURMC', '', 'TST6WY67VW');

insert into TIPO_PACIENTE (ID_TIPO_PACIENTE, ID_VALOR, DESC_TIPO_PACIENTE) values ('984ACP4 KU', '', '7CJN 7EHJ0');

insert into TIPO_PACIENTE (ID_TIPO_PACIENTE, ID_VALOR, DESC_TIPO_PACIENTE) values ('M5CRMRGP85', '', 'Y96UTTT QV');

insert into TIPO_PACIENTE (ID_TIPO_PACIENTE, ID_VALOR, DESC_TIPO_PACIENTE) values ('W5P1BN02GG', '', 'DTYVN24DU2');

insert into DOCTOR (ID_DOCTOR, ID_CONSULTORIO, NOMBRE, DOCUMENTO, REG_MEDICO) values ('VDYEGOBGGY', 18, '1QY9TNGIRL', 18, 4);

insert into DOCTOR (ID_DOCTOR, ID_CONSULTORIO, NOMBRE, DOCUMENTO, REG_MEDICO) values ('H7765YBNIP', 15, '1KRO52L6PK', 16, 11);

insert into DOCTOR (ID_DOCTOR, ID_CONSULTORIO, NOMBRE, DOCUMENTO, REG_MEDICO) values ('8VPT5QBOMA', 19, '1Q0P9R22PC', 2, 12);

insert into DOCTOR (ID_DOCTOR, ID_CONSULTORIO, NOMBRE, DOCUMENTO, REG_MEDICO) values ('3MKGOC699F', 17, 'MVKLMXSOAF', 3, 13);

insert into DOCTOR (ID_DOCTOR, ID_CONSULTORIO, NOMBRE, DOCUMENTO, REG_MEDICO) values ('ENPSG96YIS', 5, '00M2HJESOQ', 1, 10);

insert into DOCTOR (ID_DOCTOR, ID_CONSULTORIO, NOMBRE, DOCUMENTO, REG_MEDICO) values ('A224WR0YTM', 3, 'GSOTOIJCYE', 12, 2);

insert into DOCTOR (ID_DOCTOR, ID_CONSULTORIO, NOMBRE, DOCUMENTO, REG_MEDICO) values (' UR6KOX2A ', 4, 'VM4EI3IF30', 19, 8);

insert into DOCTOR (ID_DOCTOR, ID_CONSULTORIO, NOMBRE, DOCUMENTO, REG_MEDICO) values ('HXSWTQH6D ', 6, 'ME29NGP0QG', 17, 16);

insert into DOCTOR (ID_DOCTOR, ID_CONSULTORIO, NOMBRE, DOCUMENTO, REG_MEDICO) values ('FXP9BW9376', 10, 'RNB69FBCCW', 14, 18);

insert into DOCTOR (ID_DOCTOR, ID_CONSULTORIO, NOMBRE, DOCUMENTO, REG_MEDICO) values ('ARGOQABQSR', 10, 'M8SRI813P7', 13, 7);

insert into DOCTOR (ID_DOCTOR, ID_CONSULTORIO, NOMBRE, DOCUMENTO, REG_MEDICO) values ('VR4AMONMAO', 3, '4G1KEJWX T', 5, 14);

insert into DOCTOR (ID_DOCTOR, ID_CONSULTORIO, NOMBRE, DOCUMENTO, REG_MEDICO) values ('JLVX0N1WUU', 13, 'Y5NT82U3FA', 7, 0);

insert into DOCTOR (ID_DOCTOR, ID_CONSULTORIO, NOMBRE, DOCUMENTO, REG_MEDICO) values ('E80L YTO7S', 15, 'FKEN E4J2R', 9, 19);

insert into DOCTOR (ID_DOCTOR, ID_CONSULTORIO, NOMBRE, DOCUMENTO, REG_MEDICO) values ('2HFTECV8TJ', 3, 'MTATXLW0V5', 8, 5);

insert into DOCTOR (ID_DOCTOR, ID_CONSULTORIO, NOMBRE, DOCUMENTO, REG_MEDICO) values ('KC5E2TUCSD', 0, '0MCSBM3FRB', 6, 17);

insert into DOCTOR (ID_DOCTOR, ID_CONSULTORIO, NOMBRE, DOCUMENTO, REG_MEDICO) values ('GC5CSDWUJH', 18, 'O4I5IPSUO1', 0, 6);

insert into DOCTOR (ID_DOCTOR, ID_CONSULTORIO, NOMBRE, DOCUMENTO, REG_MEDICO) values ('GC22OH7UH9', 0, 'HGEDUEKW6N', 10, 15);

insert into DOCTOR (ID_DOCTOR, ID_CONSULTORIO, NOMBRE, DOCUMENTO, REG_MEDICO) values ('0W2GTAY1IQ', 14, 'RGXL IYGSR', 15, 3);

insert into DOCTOR (ID_DOCTOR, ID_CONSULTORIO, NOMBRE, DOCUMENTO, REG_MEDICO) values ('VY2EFNAW9R', 3, 'MF9JWTAI7U', 11, 9);

insert into DOCTOR (ID_DOCTOR, ID_CONSULTORIO, NOMBRE, DOCUMENTO, REG_MEDICO) values ('PO1AMV9RWD', 7, 'KY8510JS3W', 4, 1);

insert into ESPECIALIDAD (ID_ESPECIALIDAD, ID_DOCTOR, DESC_ESPECIALIDAD) values ('  BMYY81K2', '0W2GTAY1IQ', '  UMUM8XQL');

insert into ESPECIALIDAD (ID_ESPECIALIDAD, ID_DOCTOR, DESC_ESPECIALIDAD) values ('5LYP3309GM', 'A224WR0YTM', '67GNUEP1CQ');

insert into ESPECIALIDAD (ID_ESPECIALIDAD, ID_DOCTOR, DESC_ESPECIALIDAD) values ('DQKAYO4UY7', 'VY2EFNAW9R', '8WDH5YCJ2C');

insert into ESPECIALIDAD (ID_ESPECIALIDAD, ID_DOCTOR, DESC_ESPECIALIDAD) values ('8589J2VDWD', 'GC5CSDWUJH', 'R1SYYOTC0M');

insert into ESPECIALIDAD (ID_ESPECIALIDAD, ID_DOCTOR, DESC_ESPECIALIDAD) values ('6P3RWB6P9C', 'A224WR0YTM', 'VX 3VVU2BU');

insert into ESPECIALIDAD (ID_ESPECIALIDAD, ID_DOCTOR, DESC_ESPECIALIDAD) values ('N2O5XPTUXB', '0W2GTAY1IQ', '84 ENJOBAF');

insert into ESPECIALIDAD (ID_ESPECIALIDAD, ID_DOCTOR, DESC_ESPECIALIDAD) values ('2UR 3V63QR', 'ARGOQABQSR', 'AJCK8WXIPB');

insert into ESPECIALIDAD (ID_ESPECIALIDAD, ID_DOCTOR, DESC_ESPECIALIDAD) values ('9K8UTPSPWF', 'A224WR0YTM', '626N4BQB M');

insert into ESPECIALIDAD (ID_ESPECIALIDAD, ID_DOCTOR, DESC_ESPECIALIDAD) values ('WSGVUVK6SS', 'HXSWTQH6D ', 'H8YREFM4DH');

insert into ESPECIALIDAD (ID_ESPECIALIDAD, ID_DOCTOR, DESC_ESPECIALIDAD) values ('B7HSDAYTUU', '0W2GTAY1IQ', 'C2IPS0SEBJ');

insert into ESPECIALIDAD (ID_ESPECIALIDAD, ID_DOCTOR, DESC_ESPECIALIDAD) values ('WS9CMCMS91', 'JLVX0N1WUU', '4E74  51N8');

insert into ESPECIALIDAD (ID_ESPECIALIDAD, ID_DOCTOR, DESC_ESPECIALIDAD) values ('Y9IHSHVX9P', 'FXP9BW9376', 'TKDF85C41A');

insert into ESPECIALIDAD (ID_ESPECIALIDAD, ID_DOCTOR, DESC_ESPECIALIDAD) values ('EJNEW8W2D9', 'E80L YTO7S', 'EXFBYDOLA ');

insert into ESPECIALIDAD (ID_ESPECIALIDAD, ID_DOCTOR, DESC_ESPECIALIDAD) values ('KJ8JBU3PYR', 'ENPSG96YIS', 'KBTRA5DM7A');

insert into ESPECIALIDAD (ID_ESPECIALIDAD, ID_DOCTOR, DESC_ESPECIALIDAD) values ('P7V370L5QP', 'KC5E2TUCSD', 'INRRFYWYJO');

insert into ESPECIALIDAD (ID_ESPECIALIDAD, ID_DOCTOR, DESC_ESPECIALIDAD) values ('10ACDHCJI6', 'ENPSG96YIS', 'L2D2SQP1A ');

insert into ESPECIALIDAD (ID_ESPECIALIDAD, ID_DOCTOR, DESC_ESPECIALIDAD) values ('VIT8V53N3Y', 'A224WR0YTM', 'H6J9PDF45T');

insert into ESPECIALIDAD (ID_ESPECIALIDAD, ID_DOCTOR, DESC_ESPECIALIDAD) values ('1P6WR4H9O9', 'VR4AMONMAO', '4S10MXJUW7');

insert into ESPECIALIDAD (ID_ESPECIALIDAD, ID_DOCTOR, DESC_ESPECIALIDAD) values ('OODLGQC99T', 'A224WR0YTM', 'FMHY1N2MMV');

insert into ESPECIALIDAD (ID_ESPECIALIDAD, ID_DOCTOR, DESC_ESPECIALIDAD) values ('AO5NUC IY9', 'H7765YBNIP', 'GS10Q91NYJ');

insert into PISO (ID_PISO, ID_CONSULTORIO) values (3, 11);

insert into PISO (ID_PISO, ID_CONSULTORIO) values (16, 12);

insert into PISO (ID_PISO, ID_CONSULTORIO) values (10, 4);

insert into PISO (ID_PISO, ID_CONSULTORIO) values (7, 11);

insert into PISO (ID_PISO, ID_CONSULTORIO) values (9, 16);

insert into PISO (ID_PISO, ID_CONSULTORIO) values (12, 13);

insert into PISO (ID_PISO, ID_CONSULTORIO) values (1, 10);

insert into PISO (ID_PISO, ID_CONSULTORIO) values (2, 19);

insert into PISO (ID_PISO, ID_CONSULTORIO) values (0, 13);

insert into PISO (ID_PISO, ID_CONSULTORIO) values (19, 5);

insert into PISO (ID_PISO, ID_CONSULTORIO) values (14, 9);

insert into PISO (ID_PISO, ID_CONSULTORIO) values (5, 11);

insert into PISO (ID_PISO, ID_CONSULTORIO) values (15, 1);

insert into PISO (ID_PISO, ID_CONSULTORIO) values (4, 19);

insert into PISO (ID_PISO, ID_CONSULTORIO) values (8, 1);

insert into PISO (ID_PISO, ID_CONSULTORIO) values (18, 12);

insert into PISO (ID_PISO, ID_CONSULTORIO) values (17, 7);

insert into PISO (ID_PISO, ID_CONSULTORIO) values (11, 19);

insert into PISO (ID_PISO, ID_CONSULTORIO) values (13, 17);

insert into PISO (ID_PISO, ID_CONSULTORIO) values (6, 17);

insert into TIPO_BIOPSIA (ID_BIOPSIA, ID_ESPECIALIDAD, DESC_BIOPSIA) values ('L1S SVNTLD', 'Y9IHSHVX9P', 'PUVXEQ8IAT');

insert into TIPO_BIOPSIA (ID_BIOPSIA, ID_ESPECIALIDAD, DESC_BIOPSIA) values ('D4CLHWC78W', 'P7V370L5QP', 'GO2OL4YBB4');

insert into TIPO_BIOPSIA (ID_BIOPSIA, ID_ESPECIALIDAD, DESC_BIOPSIA) values ('RKO1NOFA1F', '10ACDHCJI6', 'WA51CC9URE');

insert into TIPO_BIOPSIA (ID_BIOPSIA, ID_ESPECIALIDAD, DESC_BIOPSIA) values ('KHJRR1AS4Y', 'N2O5XPTUXB', 'YS0L5W6YVQ');

insert into TIPO_BIOPSIA (ID_BIOPSIA, ID_ESPECIALIDAD, DESC_BIOPSIA) values (' YO4ANRO2W', 'VIT8V53N3Y', 'B0SUHTLJS7');

insert into TIPO_BIOPSIA (ID_BIOPSIA, ID_ESPECIALIDAD, DESC_BIOPSIA) values ('LF7TDEP 2L', '1P6WR4H9O9', '5 DQLR7IBR');

insert into TIPO_BIOPSIA (ID_BIOPSIA, ID_ESPECIALIDAD, DESC_BIOPSIA) values ('VEIO9VW6W3', 'Y9IHSHVX9P', '9YWOCJE3P3');

insert into TIPO_BIOPSIA (ID_BIOPSIA, ID_ESPECIALIDAD, DESC_BIOPSIA) values ('S7XP55WDLN', 'Y9IHSHVX9P', 'GVDOFIBHSR');

insert into TIPO_BIOPSIA (ID_BIOPSIA, ID_ESPECIALIDAD, DESC_BIOPSIA) values ('B000UVU16C', '1P6WR4H9O9', ' EF7JWNB85');

insert into TIPO_BIOPSIA (ID_BIOPSIA, ID_ESPECIALIDAD, DESC_BIOPSIA) values ('VTF9Y PJMH', 'N2O5XPTUXB', 'NFQEXVBOHB');

insert into TIPO_BIOPSIA (ID_BIOPSIA, ID_ESPECIALIDAD, DESC_BIOPSIA) values ('U7EXN27319', 'N2O5XPTUXB', 'T8LRML42 F');

insert into TIPO_BIOPSIA (ID_BIOPSIA, ID_ESPECIALIDAD, DESC_BIOPSIA) values ('T3A4DML HS', '1P6WR4H9O9', '5RKTUDVBFO');

insert into TIPO_BIOPSIA (ID_BIOPSIA, ID_ESPECIALIDAD, DESC_BIOPSIA) values ('VOMJ9LN3S7', 'Y9IHSHVX9P', '0XW 02MNVM');

insert into TIPO_BIOPSIA (ID_BIOPSIA, ID_ESPECIALIDAD, DESC_BIOPSIA) values ('EGB8T3A8BR', 'P7V370L5QP', '1TGHE9HSYK');

insert into TIPO_BIOPSIA (ID_BIOPSIA, ID_ESPECIALIDAD, DESC_BIOPSIA) values ('IDLVAPN8JL', '5LYP3309GM', 'LXCX8EO6V7');

insert into TIPO_BIOPSIA (ID_BIOPSIA, ID_ESPECIALIDAD, DESC_BIOPSIA) values ('NTXI9LRJJY', 'VIT8V53N3Y', 'GBW0MB7NX7');

insert into TIPO_BIOPSIA (ID_BIOPSIA, ID_ESPECIALIDAD, DESC_BIOPSIA) values ('0MXORYGKPB', '1P6WR4H9O9', ' M2AMRKFWQ');

insert into TIPO_BIOPSIA (ID_BIOPSIA, ID_ESPECIALIDAD, DESC_BIOPSIA) values ('QX8VINTO2S', 'EJNEW8W2D9', 'HXMQD8 B86');

insert into TIPO_BIOPSIA (ID_BIOPSIA, ID_ESPECIALIDAD, DESC_BIOPSIA) values ('HKCNOO Q S', 'Y9IHSHVX9P', 'MN1CL514E9');

insert into TIPO_BIOPSIA (ID_BIOPSIA, ID_ESPECIALIDAD, DESC_BIOPSIA) values ('VJVT898L3H', '5LYP3309GM', '1RARO3R8OK');

insert into PACIENTE (ID_PACIENTE, ID_BIOPSIA, ID_ESTADO_PTE, ID_CITA, ID_TIPO_PACIENTE, ID_DOCUMENTO, GENERO, FECHA_NACIMIENTO, CELULAR, NOMBRE_PTE) values ('J6SIJK01ML', 'VOMJ9LN3S7', '0', '6OYCBQOWC9', 'M5CRMRGP85', 'PVWOXTJS0G', 'PAXR4GRBJS', '416-10-3 3:32:38', 8, 'P3E6SURVMBY3KSH2W5UQ');

insert into PACIENTE (ID_PACIENTE, ID_BIOPSIA, ID_ESTADO_PTE, ID_CITA, ID_TIPO_PACIENTE, ID_DOCUMENTO, GENERO, FECHA_NACIMIENTO, CELULAR, NOMBRE_PTE) values ('FEK57PFUMY', 'VEIO9VW6W3', '14', '8QFAV82B0S', 'VF4CNK3D36', '4KNUCFR74D', 'Q4335B0 9X', '1-1-1 0:0:0', 11, 'IR2VE 6CQ31D6TWDKVCO');

insert into PACIENTE (ID_PACIENTE, ID_BIOPSIA, ID_ESTADO_PTE, ID_CITA, ID_TIPO_PACIENTE, ID_DOCUMENTO, GENERO, FECHA_NACIMIENTO, CELULAR, NOMBRE_PTE) values ('3KWWGSA3MY', 'RKO1NOFA1F', '14', '6OYCBQOWC9', 'F7AN1ADJ6F', '1RSA2OU8MV', '380SH9M FX', '846-5-9 7:45:9', 16, 'BROMX5NJEPAD9ERQTBXY');

insert into PACIENTE (ID_PACIENTE, ID_BIOPSIA, ID_ESTADO_PTE, ID_CITA, ID_TIPO_PACIENTE, ID_DOCUMENTO, GENERO, FECHA_NACIMIENTO, CELULAR, NOMBRE_PTE) values ('IPVW62W4TJ', 'S7XP55WDLN', '1', 'A8E80K12M8', 'X TT98RX61', '87TDXJNROY', 'EWQ3OIX6RM', '1374-12-20 11:57:19', 13, 'Y04938SY26Q3ILE17RUO');

insert into PACIENTE (ID_PACIENTE, ID_BIOPSIA, ID_ESTADO_PTE, ID_CITA, ID_TIPO_PACIENTE, ID_DOCUMENTO, GENERO, FECHA_NACIMIENTO, CELULAR, NOMBRE_PTE) values ('EUQ7PKX956', 'LF7TDEP 2L', '0', 'A8E80K12M8', '4RDTYPK FM', '838BWBN9Q8', '5D2FKCX26U', '1675-4-13 14:7:36', 18, 'P6JDDI39JD5Y4FDYHOB0');

insert into PACIENTE (ID_PACIENTE, ID_BIOPSIA, ID_ESTADO_PTE, ID_CITA, ID_TIPO_PACIENTE, ID_DOCUMENTO, GENERO, FECHA_NACIMIENTO, CELULAR, NOMBRE_PTE) values ('HH4H1949GX', 'VEIO9VW6W3', '17', 'XUL59IJRWI', 'CM8F36OVCV', 'KEGVF49LPI', 'S9KUYR20VQ', '1003-1-23 8:41:27', 6, 'TT10FB6NU6681PCGL 00');

insert into PACIENTE (ID_PACIENTE, ID_BIOPSIA, ID_ESTADO_PTE, ID_CITA, ID_TIPO_PACIENTE, ID_DOCUMENTO, GENERO, FECHA_NACIMIENTO, CELULAR, NOMBRE_PTE) values ('CCG DE4S08', 'LF7TDEP 2L', '18', '06LEAE B2O', '4RDTYPK FM', '9R2QVE3HOG', 'I6V4GF JYC', '214-12-17 1:46:37', 0, 'LIST6OMX18SO054PMP6O');

insert into PACIENTE (ID_PACIENTE, ID_BIOPSIA, ID_ESTADO_PTE, ID_CITA, ID_TIPO_PACIENTE, ID_DOCUMENTO, GENERO, FECHA_NACIMIENTO, CELULAR, NOMBRE_PTE) values ('X02AMHIAJ3', 'B000UVU16C', '5', '06LEAE B2O', 'P7BW0AAPN1', 'NU7SAUOIL ', 'HH2AYEEU4M', '1777-9-6 14:44:49', 9, '1HVXDC1SBU15TLA7BWT6');

insert into PACIENTE (ID_PACIENTE, ID_BIOPSIA, ID_ESTADO_PTE, ID_CITA, ID_TIPO_PACIENTE, ID_DOCUMENTO, GENERO, FECHA_NACIMIENTO, CELULAR, NOMBRE_PTE) values ('4VE 2B8EIC', 'L1S SVNTLD', '18', '63AXTC2EAQ', 'HOHU06XF0N', '4XD892 PKG', '9KSGUK9KQK', '1279-7-16 11:23:3', 5, 'KVW6X1LI419RLEICSMQF');

insert into PACIENTE (ID_PACIENTE, ID_BIOPSIA, ID_ESTADO_PTE, ID_CITA, ID_TIPO_PACIENTE, ID_DOCUMENTO, GENERO, FECHA_NACIMIENTO, CELULAR, NOMBRE_PTE) values ('ND11OM76CM', 'S7XP55WDLN', '19', 'EA8CISGN7N', 'F7AN1ADJ6F', 'PLLX4JXUM9', '8KGOW501KA', '1150-1-6 9:56:10', 2, 'DBXNC5HGLM9UICOUTU59');

insert into PACIENTE (ID_PACIENTE, ID_BIOPSIA, ID_ESTADO_PTE, ID_CITA, ID_TIPO_PACIENTE, ID_DOCUMENTO, GENERO, FECHA_NACIMIENTO, CELULAR, NOMBRE_PTE) values ('8BE0PG9NYY', 'QX8VINTO2S', '14', 'Q1M218RF8H', 'M5CRMRGP85', 'X2FXMS2VF0', 'YFEJ91OG25', '1227-10-28 10:58:53', 17, ' XBCF1POFJ60Q8T95TW2');

insert into PACIENTE (ID_PACIENTE, ID_BIOPSIA, ID_ESTADO_PTE, ID_CITA, ID_TIPO_PACIENTE, ID_DOCUMENTO, GENERO, FECHA_NACIMIENTO, CELULAR, NOMBRE_PTE) values ('M3M03FD65I', 'HKCNOO Q S', '7', 'W81G06E0WC', 'K7F30PB731', 'TF0VOUTNYQ', '2PSUKSBGJO', '131-9-29 0:59:48', 3, '3C372ME6WP56 GRSPMJ0');

insert into PACIENTE (ID_PACIENTE, ID_BIOPSIA, ID_ESTADO_PTE, ID_CITA, ID_TIPO_PACIENTE, ID_DOCUMENTO, GENERO, FECHA_NACIMIENTO, CELULAR, NOMBRE_PTE) values ('GHYSFY6PF1', 'IDLVAPN8JL', '5', '6OYCBQOWC9', 'HOHU06XF0N', '4DL 2ILM9A', '2ULEHR1BRX', '361-9-18 2:59:27', 12, 'TNFYAG7TP9810XM2T7CS');

insert into PACIENTE (ID_PACIENTE, ID_BIOPSIA, ID_ESTADO_PTE, ID_CITA, ID_TIPO_PACIENTE, ID_DOCUMENTO, GENERO, FECHA_NACIMIENTO, CELULAR, NOMBRE_PTE) values ('I3TV85EY5T', '0MXORYGKPB', '16', 'Q1M218RF8H', 'P1995M6YX8', 'RVCMLHG9X0', '3B8W9522E6', '667-10-17 5:45:33', 15, 'WK1L T NMTLBOAEKGIGL');

insert into PACIENTE (ID_PACIENTE, ID_BIOPSIA, ID_ESTADO_PTE, ID_CITA, ID_TIPO_PACIENTE, ID_DOCUMENTO, GENERO, FECHA_NACIMIENTO, CELULAR, NOMBRE_PTE) values ('T5OFPX9EOK', 'VEIO9VW6W3', '3', 'LA791JJDI8', 'V2J801TX4F', '4XG 71R4DM', 'HGPTJ3EW9N', '522-12-8 4:44:31', 1, 'R1OYP58ABMR9L42CR51C');

insert into PACIENTE (ID_PACIENTE, ID_BIOPSIA, ID_ESTADO_PTE, ID_CITA, ID_TIPO_PACIENTE, ID_DOCUMENTO, GENERO, FECHA_NACIMIENTO, CELULAR, NOMBRE_PTE) values ('HMNJYSHC5Y', 'HKCNOO Q S', '3', 'F4RX8FLMCB', 'F7AN1ADJ6F', '22CN5MJY1P', '9OPKMPUVH0', '1485-12-27 12:54:4', 10, 'RKG0R11R0 B453I9HKT6');

insert into PACIENTE (ID_PACIENTE, ID_BIOPSIA, ID_ESTADO_PTE, ID_CITA, ID_TIPO_PACIENTE, ID_DOCUMENTO, GENERO, FECHA_NACIMIENTO, CELULAR, NOMBRE_PTE) values ('989JN7TG5Y', 'LF7TDEP 2L', '18', '8EDGH8FTJO', 'V2J801TX4F', 'MFX LUV FO', 'B 1F  GK0W', '930-5-30 8:9:28', 4, 'UDFNCEFTC6EG18WRUSF7');

insert into PACIENTE (ID_PACIENTE, ID_BIOPSIA, ID_ESTADO_PTE, ID_CITA, ID_TIPO_PACIENTE, ID_DOCUMENTO, GENERO, FECHA_NACIMIENTO, CELULAR, NOMBRE_PTE) values ('PFDL0ET82E', 'KHJRR1AS4Y', '7', '63AXTC2EAQ', 'P7BW0AAPN1', '3GGE0O4YMF', '66ICM1VBKV', '774-12-9 6:55:47', 19, 'H5HFUIK91I0KOVNQDQV5');

insert into PACIENTE (ID_PACIENTE, ID_BIOPSIA, ID_ESTADO_PTE, ID_CITA, ID_TIPO_PACIENTE, ID_DOCUMENTO, GENERO, FECHA_NACIMIENTO, CELULAR, NOMBRE_PTE) values ('CNOQQEDS0V', 'U7EXN27319', '10', '2U0BPSB7BL', 'CM8F36OVCV', '13YH4O5SJN', '7IUWDIU2 L', '1092-9-25 9:24:54', 7, 'FP6Y1KWVBLK7FT1MHKTI');

insert into PACIENTE (ID_PACIENTE, ID_BIOPSIA, ID_ESTADO_PTE, ID_CITA, ID_TIPO_PACIENTE, ID_DOCUMENTO, GENERO, FECHA_NACIMIENTO, CELULAR, NOMBRE_PTE) values ('T39J0YN3U9', ' YO4ANRO2W', '4', 'IDITD8WTA7', 'SY6K9XW1WJ', 'H4JQUF8RFQ', 'YX631H NAQ', '1608-10-5 13:29:20', 14, 'TDDJ7D2MD03BEGIFG24G');

